{
    "Addy": {
        "Explosive": "Euphoric",
        "Foggy": "Energizing",
        "Glowing": "Refreshing",
        "Long-Faced": "Electrifying",
        "Sedating": "Gingeritis"
    },
    "Banana": {
        "Calming": "Sneaky",
        "Cyclopean": "Energizing",
        "Disorienting": "Focused",
        "Energizing": "Thought-Provoking",
        "Focused": "Seizure-Inducing",
        "Long-Faced": "Refreshing",
        "Paranoia": "Jennerising",
        "Smelly": "Anti-Gravity",
        "Toxic": "Smelly"
    },
    "Battery": {
        "Electrifying": "Euphoric",
        "Euphoric": "Zombifying",
        "Cyclopean": "Glowing",
        "Laxative": "Calorie-Dense",
        "Munchies": "Tropic Thunder",
        "Shrinking": "Munchies"
    },
    "Chili": {
        "Anti-Gravity": "Tropic Thunder",
        "Athletic": "Euphoric",
        "Laxative": "Long-Faced",
        "Munchies": "Toxic",
        "Shrinking": "Refreshing",
        "Sneaky": "Bright-Eyed"
    },
    "Cuke": {
        "Euphoric": "Laxative",
        "Foggy": "Cyclopean",
        "Gingeritis": "Thought-Provoking",
        "Munchies": "Athletic",
        "Slippery": "Munchies",
        "Sneaky": "Paranoia",
        "Toxic": "Euphoric"
    },
    "Donut": {
        "Anti-Gravity": "Slippery",
        "Balding": "Sneaky",
        "Munchies": "Calming",
        "Calorie-Dense": "Explosive",
        "Focused": "Euphoric",
        "Jennerising": "Gingeritis",
        "Shrinking": "Energizing"
    },
    "Energy Drink": {
        "Disorienting": "Electrifying",
        "Euphoric": "Energizing",
        "Focused": "Shrinking",
        "Foggy": "Laxative",
        "Glowing": "Disorienting",
        "Schizophenic": "Balding",
        "Sedating": "Munchies",
        "Spicy": "Euphoric",
        "Tropic Thunder": "Sneaky"
    },
    "Flu Medicine": {
        "Athletic": "Munchies",
        "Calming": "Bright-Eyed",
        "Cyclopean": "Foggy",
        "Electrifying": "Refreshing",
        "Euphoric": "Toxic",
        "Focused": "Calming",
        "Laxative": "Euphoric",
        "Munchies": "Slippery",
        "Shrinking": "Paranoia",
        "Thought-Provoking": "Gingeritis"
    },
    "Gasoline": {
        "Disorienting": "Glowing",
        "Electrifying": "Disorienting",
        "Energizing": "Euphoric",
        "Euphoric": "Spicy",
        "Gingeritis": "Smelly",
        "Jennerising": "Sneaky",
        "Laxative": "Foggy",
        "Munchies": "Sedating",
        "Paranoia": "Calming",
        "Shrinking": "Focused",
        "Sneaky": "Tropic Thunder"
    },
    "Horse Semen": {
        "Anti-Gravity": "Calming",
        "Gingeritis": "Refreshing",
        "Seizure-Inducing": "Energizing",
        "Thought-Provoking": "Electrifying"
    },
    "Iodine": {
        "Calming": "Balding",
        "Calorie-Dense": "Gingeritis",
        "Euphoric": "Seizure-Inducing",
        "Foggy": "Paranoia",
        "Refreshing": "Thought-Provoking",
        "Toxic": "Sneaky"
    },
    "Mega Bean": {
        "Athletic": "Laxative",
        "Calming": "Glowing",
        "Focused": "Disorienting",
        "Jennerising": "Paranoia",
        "Seizure-Inducing": "Focused",
        "Shrinking": "Electrifying",
        "Slippery": "Toxic",
        "Sneaky": "Calming",
        "Energizing": "Cyclopean",
        "Thought-Provoking": "Energizing"
    },
    "Motor Oil": {
        "Energizing": "Munchies",
        "Munchies": "Schizophrenic",
        "Euphoric": "Sedating",
        "Foggy": "Toxic",
        "Paranoia": "Anti-Gravity"
    },
    "Mouth Wash": {
        "Calming": "Anti-Gravity",
        "Calorie-Dense": "Sneaky",
        "Explosive": "Sedating",
        "Focused": "Jennerising"
    },
    "Paracetamol": {
        "Calming": "Slippery",
        "Energizing": "Paranoia",
        "Electrifying": "Athletic",
        "Focused": "Gingeritis",
        "Foggy": "Calming",
        "Glowing": "Toxic",
        "Munchies": "Anti-Gravity",
        "Paranoia": "Balding",
        "Spicy": "Bright-Eyed",
        "Toxic": "Tropic Thunder"
    },
    "Viagor": {
        "Athletic": "Sneaky",
        "Disorienting": "Toxic",
        "Euphoric": "Bright-Eyed",
        "Laxative": "Calming",
        "Shrinking": "Gingeritis"
    }
}